,price,all_time_quantity_sold,rating_average,review_count,pages
0,75500,72808.0,5.0,13292,244
1,63000,2.0,0.0,0,320
3,50730,74507.0,4.8,7206,264
4,116000,25929.0,4.8,5429,424
6,55200,34067.0,5.0,5883,228
7,70500,16359.0,5.0,2782,276
8,76560,120.0,5.0,13,200
9,132000,4261.0,5.0,648,508
10,51700,5494.0,4.8,625,160
11,101000,14371.0,4.8,2002,304
12,97200,40055.0,5.0,3932,300
13,166000,22473.0,4.8,4082,430
14,180000,13070.0,5.0,2368,322
15,130000,35602.0,4.8,3662,480
16,61380,30608.0,4.8,4782,204
17,130500,71.0,4.7,12,424
18,67100,10913.0,4.8,1127,224
19,58900,11675.0,4.8,2104,216
20,25800,3168.0,5.0,794,192
21,143000,10397.0,5.0,1464,560
22,73780,11994.0,5.0,1753,304
23,79100,5365.0,5.0,895,168
24,36000,916.0,5.0,167,192
25,599000,963.0,4.7,130,836
26,210000,16046.0,4.8,3394,247
27,57600,938.0,5.0,202,394
28,75400,21953.0,5.0,2083,359
29,78400,21407.0,4.8,3557,288
30,94200,22303.0,4.8,6126,280
31,144420,7547.0,4.7,1288,714
32,53400,10822.0,4.8,1064,320
33,77300,884.0,5.0,179,320
34,36000,1417.0,5.0,256,192
35,81800,32610.0,5.0,4667,358
36,71000,8839.0,4.8,708,199
37,65600,10144.0,4.8,1489,291
38,106000,6615.0,5.0,757,532
39,116350,6085.0,5.0,537,398
40,72000,805.0,5.0,199,296
41,63700,47882.0,4.8,3967,256
42,102000,21136.0,4.8,2594,460
43,81800,18895.0,4.8,3490,396
44,174000,31736.0,4.8,5252,342
45,31600,612.0,5.0,84,220
46,70500,7881.0,5.0,1492,252
47,123000,52146.0,4.8,4144,488
48,86200,17831.0,4.8,2703,347
49,68400,3.0,0.0,0,184
50,83800,21437.0,4.8,3383,428
51,69200,6464.0,5.0,720,292
52,117000,6362.0,5.0,1076,556
53,76200,6987.0,5.0,1372,312
54,95800,3867.0,5.0,506,204
55,53900,25555.0,5.0,3434,102
56,90000,1181.0,4.8,291,192
58,68500,12790.0,4.8,1879,290
59,72000,13395.0,5.0,1782,400
60,61000,9921.0,4.8,1840,208
61,116700,1985.0,5.0,245,608
62,125000,4363.0,5.0,466,72
63,118300,237.0,4.5,26,328
64,64200,16933.0,5.0,2470,216
65,178000,4.0,5.0,1,432
66,69200,10397.0,4.8,1754,208
67,111000,892479.0,5.0,2079,350
70,29400,29854.0,5.0,2744,144
71,159000,4209.0,4.6,778,466
72,97200,4150.0,4.8,646,410
73,117000,308.0,5.0,70,448
75,189000,7975.0,4.8,2526,606
76,80900,3521.0,4.8,538,272
78,81270,5083.0,4.8,673,236
79,59900,37459.0,4.8,3542,193
80,76900,4523.0,4.8,861,172
81,27100,320.0,5.0,41,192
82,53900,3997.0,5.0,357,280
83,63900,6369.0,4.8,1134,240
84,166500,9603.0,5.0,738,512
85,110000,2942.0,5.0,333,172
86,68200,9923.0,4.8,1716,316
87,187000,7901.0,5.0,946,536
88,95900,705.0,5.0,170,380
89,111000,3018.0,5.0,376,632
90,33750,555.0,5.0,75,200
91,157000,5183.0,4.8,1126,628
92,99000,1368.0,4.8,217,300
93,176000,5274.0,4.8,929,532
94,66800,8373.0,4.8,747,291
95,112000,6802.0,4.8,1196,452
98,79980,11117.0,4.8,1708,280
99,225000,6309.0,4.8,1013,220
100,299000,32328.0,4.8,4422,280
101,40600,453.0,5.0,56,210
102,92800,15832.0,5.0,2957,364
103,90900,10599.0,5.0,1247,484
104,70800,11374.0,4.8,1012,422
105,141000,3065.0,5.0,301,408
106,246000,429.0,5.0,70,257
107,89500,4749.0,5.0,514,284
108,160000,7080.0,5.0,672,556
109,112000,4270.0,5.0,730,612
110,255000,11846.0,5.0,1885,280
111,121000,2471.0,5.0,241,400
112,54700,45428.0,4.8,3154,228
113,86900,3193.0,4.8,539,362
114,100000,958.0,4.8,131,650
115,247000,2231.0,4.8,283,244
116,65500,1011.0,5.0,287,130
117,96900,6828.0,4.8,939,296
118,26300,3086.0,5.0,924,192
119,73100,548.0,5.0,63,232
120,84900,2315.0,4.8,325,380
121,83800,8507.0,5.0,909,336
122,59900,5206.0,4.8,839,272
123,101000,2907.0,4.8,521,296
124,48700,5688.0,5.0,713,248
125,56900,4866.0,5.0,533,235
126,43200,2084.0,5.0,468,226
127,127000,1878.0,5.0,168,292
128,53000,4004.0,5.0,391,96
129,199200,4.0,5.0,1,184
130,60000,2261.0,4.8,222,280
131,64000,4613.0,4.8,500,230
132,165000,5422.0,5.0,923,295
134,119000,430.0,5.0,145,480
135,129000,7415.0,4.8,1056,464
136,79980,5440.0,4.8,708,280
137,131200,230.0,4.8,37,530
138,92800,5897.0,4.8,1042,284
139,78700,654.0,4.8,56,200
140,55000,8268.0,5.0,748,336
141,65100,4967.0,5.0,469,256
142,24000,661.0,5.0,39,208
143,63100,2513.0,4.8,249,176
144,119000,1094.0,5.0,237,368
145,149000,1697.0,5.0,253,532
147,211000,2062.0,5.0,263,608
148,63600,12936.0,4.8,2715,482
149,245050,3366.0,5.0,266,736
150,52500,629.0,5.0,68,236
151,103000,9282.0,4.8,1286,522
152,70850,5772.0,4.8,474,346
153,46800,21158.0,4.8,5264,280
154,139000,7456.0,4.8,910,144
155,87000,12.0,0.0,0,324
156,74600,4386.0,4.8,720,240
157,96900,3081.0,5.0,280,440
158,25800,285.0,5.0,42,192
159,65400,1032.0,5.0,301,200
160,188000,2172.0,4.7,432,648
161,75900,4809.0,5.0,513,224
162,181000,445.0,5.0,97,792
163,125400,19934.0,4.6,1779,434
164,193000,30008.0,5.0,1207,432
165,89000,7935.0,4.7,411,174
166,60600,5653.0,5.0,1095,236
167,113000,1161.0,4.8,137,356
169,77350,2856.0,4.8,348,298
170,116000,50262.0,4.8,5310,408
171,127000,3910.0,4.8,708,286
172,107000,15905.0,4.8,1673,404
173,69000,25553.0,4.8,2414,211
174,64500,8607.0,4.8,1674,296
175,79900,61438.0,4.7,2239,236
176,43100,9161.0,4.8,2087,192
177,249000,13507.0,4.8,2240,352
178,91200,139.0,4.8,27,340
179,202000,974.0,4.8,174,592
180,132000,7690.0,4.8,663,385
181,24000,367.0,5.0,58,192
182,119400,16920.0,4.8,2912,644
183,340000,2492.0,5.0,241,1050
184,28400,973.0,5.0,117,200
185,79100,27489.0,5.0,1780,224
186,499000,13182.0,4.8,2311,392
187,89000,1244.0,5.0,120,252
188,96000,4476.0,4.7,854,368
189,19300,343.0,5.0,40,192
190,79000,5.0,0.0,0,228
191,68300,4259.0,4.8,650,248
192,112000,119.0,4.8,19,204
193,22500,289.0,5.0,35,208
194,92100,5988.0,4.8,1558,120
195,75900,8202.0,4.8,1343,260
196,84900,3749.0,4.8,743,304
197,74000,4461.0,5.0,710,288
199,129000,5074.0,5.0,648,194
200,82400,7097.0,4.8,548,299
202,35750,1913.0,5.0,174,106
203,81100,13659.0,4.7,1419,468
204,42250,5628.0,5.0,464,164
205,86180,2457.0,4.7,183,272
206,150000,2807.0,4.8,401,396
207,276000,7197.0,4.8,1351,258
208,78100,3266.0,5.0,280,293
209,81100,4553.0,4.8,603,492
210,67500,629.0,5.0,73,236
211,61200,2189.0,5.0,270,192
212,700000,775.0,4.8,143,1044
213,36100,364.0,5.0,70,136
214,129580,3659.0,4.8,511,276
216,92800,5672.0,5.0,861,232
217,219000,12590.0,4.8,1409,1200
218,107000,4094.0,5.0,322,456
219,241000,5765.0,4.6,839,426
220,65300,1502.0,5.0,132,280
221,284800,3922.0,5.0,658,280
222,79500,683.0,4.7,97,536
224,111000,4741.0,4.8,602,136
225,65500,572.0,5.0,50,270
226,92800,3279.0,5.0,270,264
227,61900,6238.0,4.6,697,168
229,29200,7764.0,5.0,701,78
230,79200,137.0,5.0,34,326
231,524000,1337.0,4.8,195,257
232,181000,3166.0,4.8,1344,572
233,27100,193.0,5.0,33,192
235,81000,529.0,4.8,98,520
236,169000,4350.0,5.0,397,352
237,129000,2578.0,4.7,180,396
238,73400,7894.0,4.8,910,272
239,49600,33318.0,4.7,5327,280
240,34100,384.0,5.0,73,194
241,244000,988.0,4.8,125,225
242,32300,9119.0,5.0,467,160
243,49400,1.0,0.0,0,194
244,92300,4594.0,4.8,846,292
245,108000,11425.0,5.0,2088,336
246,490000,1932.0,4.8,536,980
247,103000,1639.0,4.7,463,304
248,80400,3576.0,4.8,346,293
249,27100,1041.0,5.0,130,200
250,125000,29831.0,4.8,2306,272
251,113000,1983.0,4.8,231,404
252,89900,1606.0,4.8,219,280
253,95900,6967.0,4.8,742,382
254,62500,7027.0,4.8,1691,208
255,169500,10692.0,5.0,930,344
256,19300,262.0,5.0,35,192
257,137000,3459.0,5.0,573,396
258,99000,765.0,4.8,140,376
259,108000,704.0,5.0,163,488
260,140000,646.0,4.8,32,436
261,189000,2754.0,5.0,402,228
262,90100,924.0,4.8,94,234
263,227000,4605.0,5.0,1091,508
264,73500,3381.0,5.0,137,178
265,48200,1997.0,5.0,120,180
266,60200,21797.0,4.8,2381,224
267,46000,5161.0,4.8,521,152
268,122000,387.0,5.0,46,200
269,121000,1896.0,5.0,194,368
270,82800,700.0,4.8,219,208
271,75900,7068.0,5.0,590,224
272,81650,67.0,5.0,8,218
273,131000,13956.0,4.6,1236,416
274,221000,4835.0,4.8,626,628
275,55400,4410.0,5.0,261,196
276,89200,3812.0,4.8,402,220
277,62200,4932.0,5.0,353,279
278,65300,2201.0,5.0,331,220
280,104000,1262.0,5.0,180,400
282,71900,1756.0,5.0,201,288
283,52600,4837.0,4.8,286,204
284,646000,2412.0,5.0,425,464
285,248000,1494.0,5.0,329,304
286,71000,493.0,4.7,90,460
289,95700,3168.0,5.0,666,356
290,135780,2642.0,4.8,299,392
291,206000,2648.0,5.0,321,760
293,90200,834.0,5.0,81,304
294,138000,8730.0,5.0,2607,660
295,96100,2842.0,4.8,225,392
296,30000,298.0,5.0,43,192
297,76200,6833.0,4.8,676,343
298,38000,3026.0,5.0,186,116
299,35750,2231.0,4.8,266,130
300,90100,273.0,4.8,70,400
302,42800,404.0,5.0,75,224
303,247000,1161.0,4.8,178,268
304,69000,505.0,4.8,101,420
306,24000,485.0,5.0,84,192
308,86900,2034.0,5.0,347,272
309,29000,266.0,4.8,39,176
310,71300,927.0,5.0,325,324
311,24300,916.0,4.8,320,212
312,1219000,10191.0,4.7,1530,366
313,170100,5711.0,4.8,826,216
314,64350,2388.0,5.0,187,302
316,106000,1175.0,5.0,195,240
317,168000,682.0,4.8,55,480
318,130000,4107.0,5.0,549,336
319,55900,10280.0,5.0,955,143
320,65600,796.0,5.0,99,262
321,96000,764.0,5.0,127,292
322,127800,7439.0,5.0,1415,420
323,110100,7200.0,5.0,897,408
324,126000,4192.0,5.0,572,408
325,119000,1784.0,5.0,198,372
326,66900,13897.0,4.8,3176,212
328,569000,411.0,4.8,61,700
329,63800,11543.0,4.8,1041,210
330,218000,204.0,4.6,17,500
332,40500,308.0,5.0,33,208
334,139000,3216.0,5.0,304,340
335,126000,16.0,0.0,0,404
336,58000,2167.0,5.0,368,276
337,85000,1310.0,4.8,235,228
338,299000,690.0,5.0,90,408
339,150000,2554.0,4.8,553,440
340,59400,2453.0,4.8,464,232
341,42700,420.0,5.0,43,210
342,54500,3863.0,5.0,517,256
343,72000,132.0,5.0,21,246
344,62200,4992.0,5.0,963,317
345,59200,2065.0,5.0,164,192
346,87500,6271.0,5.0,762,232
347,27100,180.0,5.0,30,192
349,57850,1741.0,5.0,200,241
350,79500,3131.0,4.8,389,360
351,159000,4224.0,4.8,654,300
352,74900,1807.0,4.8,266,272
353,105000,1668.0,5.0,196,348
354,74750,3534.0,4.8,397,342
355,241000,7.0,0.0,0,488
356,286000,1191.0,5.0,169,596
358,94100,1658.0,4.7,219,256
359,113000,2372.0,4.8,538,300
360,24300,567.0,4.8,195,194
361,105000,2746.0,4.8,515,268
362,120000,676.0,4.8,79,130
363,92300,1982.0,4.8,375,500
364,120000,1624.0,5.0,274,336
365,82400,3894.0,5.0,429,306
367,58740,2500.0,4.8,287,200
368,69200,140.0,5.0,15,288
369,69200,135.0,5.0,14,288
370,140160,3691.0,4.8,428,484
371,90900,2133.0,4.8,360,252
373,64500,5896.0,4.8,1090,280
374,298000,7213.0,4.8,972,264
375,52600,2597.0,4.8,224,156
376,124000,3177.0,4.8,1095,260
377,117000,24135.0,5.0,174,368
378,144000,329.0,5.0,34,384
379,92700,2382.0,5.0,360,430
380,69200,2604.0,5.0,259,352
381,109850,3253.0,4.8,387,523
383,165000,2945.0,4.8,450,256
384,19600,2596.0,4.7,773,200
385,295000,1725.0,4.8,192,288
386,104000,1282.0,4.8,162,292
387,22500,2922.0,4.8,939,194
388,75000,412.0,4.8,47,160
391,56100,199.0,4.6,28,308
392,80700,1803.0,5.0,170,230
393,105000,799.0,5.0,59,124
394,92000,2598.0,5.0,202,402
395,93700,382.0,4.8,44,208
396,24000,454.0,5.0,87,192
397,28100,267.0,5.0,50,166
400,97200,4705.0,4.5,455,268
401,23000,33.0,5.0,5,24
402,54700,1468.0,4.8,100,183
403,68500,14957.0,4.8,2682,237
404,28600,1047.0,5.0,139,200
405,134300,1196.0,5.0,231,424
406,27000,298.0,5.0,36,194
407,27000,272.0,5.0,27,194
408,59600,3759.0,4.7,462,146
409,144000,32017.0,4.8,1208,456
411,67100,2248.0,5.0,233,168
412,22400,2802.0,4.8,953,186
413,82600,2563.0,4.8,241,455
414,125000,146.0,4.8,33,531
415,160000,3098.0,5.0,400,150
416,82500,1609.0,5.0,214,336
417,33900,191.0,5.0,34,226
418,202000,7909.0,4.8,1928,664
419,132000,1379.0,5.0,204,268
420,67900,3064.0,4.8,485,160
421,224000,372.0,5.0,25,450
422,89900,4848.0,4.8,533,455
423,48750,3112.0,5.0,282,209
424,57500,456.0,5.0,95,324
425,74900,5412.0,5.0,946,304
426,57500,424.0,4.8,87,320
427,34000,627.0,5.0,174,210
428,136000,632.0,4.7,63,436
429,281000,5841.0,4.7,810,351
430,85000,2135.0,5.0,266,256
431,244000,635.0,5.0,80,258
432,38350,2774.0,5.0,137,159
433,103000,3568.0,4.8,800,336
434,115000,1912.0,4.7,158,276
435,131000,942.0,4.8,140,228
436,22500,1150.0,5.0,201,200
437,20000,594.0,0.0,0,32
438,162000,1420.0,5.0,182,400
439,164000,245.0,5.0,18,592
440,101000,1118.0,4.7,79,332
441,71200,11721.0,4.8,1183,230
442,67400,639.0,5.0,74,242
445,117000,16.0,4.0,1,30
447,96800,970.0,5.0,102,264
449,169000,6305.0,4.8,989,250
450,188000,517.0,5.0,44,328
451,36100,322.0,5.0,34,244
452,251370,2519.0,5.0,324,436
453,247400,1787.0,4.8,225,224
454,327750,1.0,0.0,0,108
455,68200,1521.0,5.0,208,196
457,299000,3950.0,4.7,539,380
458,177000,689.0,5.0,128,730
459,67200,611.0,5.0,98,224
460,225000,6298.0,4.7,672,255
461,149000,3078.0,5.0,340,260
462,169000,1370.0,4.8,174,276
463,132000,2117.0,4.8,421,460
464,92500,499.0,5.0,76,392
465,24500,285.0,5.0,47,190
466,121720,1.0,0.0,0,224
467,101000,485.0,4.8,42,256
468,32700,2592.0,5.0,389,124
469,68000,2091.0,5.0,210,280
470,55250,3941.0,4.8,279,226
472,67000,147.0,4.8,15,252
473,51000,8467.0,4.8,1728,280
474,133000,5927.0,5.0,134,478
475,117000,960.0,5.0,92,336
476,76000,870.0,4.6,81,280
477,224000,2367.0,4.8,364,352
478,179000,2446.0,5.0,280,344
479,102000,1177.0,5.0,198,412
480,104000,3946.0,5.0,579,312
481,30000,25788.0,4.7,911,176
482,268000,2106.0,4.8,113,312
484,70850,2381.0,5.0,356,324
485,155000,7047.0,4.8,987,296
486,99900,277.0,5.0,41,200
487,238000,11059.0,4.8,1777,260
488,112000,1514.0,5.0,260,512
489,150000,2973.0,4.8,621,720
491,64900,2231.0,4.8,365,16
492,73600,3799.0,4.8,367,336
493,390000,5.0,0.0,0,24
494,26500,297.0,5.0,48,186
496,26400,287.0,5.0,51,186
497,26900,269.0,5.0,45,186
498,56000,7416.0,4.7,897,148
502,97200,1839.0,4.7,144,360
504,207000,1433.0,4.8,294,858
505,79730,1478.0,4.8,165,316
506,144000,2585.0,4.8,337,528
507,72000,4856.0,4.6,666,344
508,163800,279.0,5.0,20,436
509,90200,1300.0,4.7,99,260
510,38300,252.0,5.0,42,304
511,150000,7814.0,5.0,888,504
512,104000,3668.0,4.8,320,213
513,149000,4.0,0.0,0,480
515,63300,1031.0,5.0,130,240
516,49920,1853.0,4.8,306,16
517,76400,708.0,4.6,93,240
518,95800,698.0,5.0,107,456
520,81100,597.0,5.0,43,6
522,85300,3014.0,5.0,327,224
523,119000,3872.0,4.7,430,402
524,62200,2526.0,4.8,400,294
525,65000,4563.0,4.8,539,272
526,71400,4280.0,4.8,331,276
527,110000,4722.0,4.8,584,454
528,142000,47.0,5.0,1,480
529,37440,2077.0,5.0,352,40
530,76200,441.0,5.0,74,176
532,27100,315.0,5.0,64,186
533,26900,305.0,5.0,58,186
534,22499,284.0,5.0,49,186
535,76600,3196.0,4.8,392,392
536,94400,4480.0,4.7,347,503
537,125580,1626.0,5.0,255,446
538,31500,536.0,5.0,92,216
539,112000,7045.0,5.0,817,144
540,196700,852.0,4.7,65,416
541,108800,1.0,0.0,0,200
542,143100,2663.0,4.8,441,338
543,139000,4755.0,5.0,566,512
544,62400,1206.0,4.8,160,16
546,104000,730.0,5.0,66,323
547,120000,1492.0,5.0,149,516
548,299000,2329.0,4.7,487,420
549,101000,424.0,5.0,52,424
550,58000,12.0,4.7,3,192
551,105000,1342.0,4.8,153,292
553,134000,214.0,5.0,39,464
554,77000,3173.0,5.0,415,216
556,64600,1653.0,5.0,272,283
557,87500,2393.0,5.0,81,316
558,28100,899.0,4.8,74,188
559,157000,26919.0,5.0,1965,576
560,160200,3123.0,5.0,525,319
561,114000,1009.0,5.0,349,404
565,49600,14574.0,4.7,952,450
566,113000,10704.0,4.8,632,488
567,71000,889.0,5.0,74,328
568,65000,1402.0,4.6,151,204
570,75100,6356.0,4.8,627,320
571,27100,287.0,5.0,52,186
572,118000,1056.0,4.8,126,314
573,147000,2264.0,5.0,339,236
574,27100,287.0,5.0,53,186
575,374000,35.0,5.0,5,835
577,177840,49.0,4.8,8,240
578,169000,552.0,4.8,51,280
579,76200,3448.0,4.8,540,238
580,41400,3275.0,5.0,287,188
581,59000,8666.0,4.8,474,182
582,240000,647.0,4.7,80,374
583,19000,296.0,5.0,36,192
584,158700,5130.0,4.7,896,456
585,33750,345.0,5.0,43,208
586,228000,744.0,4.7,83,408
587,128000,2947.0,4.8,340,348
588,56160,3512.0,5.0,634,16
589,85000,20591.0,4.8,1445,516
590,68700,1433.0,5.0,169,280
591,108000,7002.0,4.6,482,388
593,46300,397.0,5.0,38,220
595,225000,309.0,5.0,29,584
596,76600,1173.0,4.8,174,216
597,62000,778.0,5.0,21,274
598,125000,4418.0,4.8,895,253
599,359000,526.0,4.8,86,444
600,29900,512.0,5.0,91,176
601,108800,1099.0,4.8,191,418
602,71000,1550.0,5.0,289,204
603,19000,268.0,5.0,37,192
605,64000,2487.0,5.0,337,280
606,248000,3272.0,5.0,685,248
607,88500,2776.0,4.8,302,432
609,150000,2059.0,4.8,230,132
610,95000,99.0,5.0,11,468
611,72100,163.0,4.7,23,232
612,69200,636.0,5.0,87,228
614,480000,506.0,5.0,83,512
616,100000,1262.0,4.8,114,232
618,209000,102.0,4.5,17,464
619,299000,40.0,5.0,6,600
620,124800,2072.0,5.0,191,120
621,104400,133.0,5.0,12,170
622,83200,3774.0,5.0,653,368
623,73000,5.0,5.0,1,240
624,85700,2426.0,5.0,304,276
625,338000,2380.0,5.0,378,544
626,33300,197.0,5.0,34,194
627,64000,1085.0,4.8,140,228
628,61600,308.0,4.8,40,172
629,234000,226.0,5.0,46,559
630,42500,431.0,5.0,41,40
631,74300,2397.0,4.7,811,160
632,164000,10454.0,5.0,1755,424
633,65000,2712.0,4.8,499,360
635,367000,1779.0,5.0,275,448
637,139000,2023.0,5.0,190,312
638,75900,622.0,5.0,22,168
640,21300,3440.0,5.0,1275,194
642,69200,8771.0,4.8,916,256
644,74400,2406.0,5.0,314,292
648,52000,2188.0,4.7,223,100
649,202800,1677.0,4.8,136,24
650,299000,16204.0,5.0,2878,352
651,57200,1569.0,4.8,195,104
652,148000,3538.0,5.0,456,144
653,83200,2767.0,5.0,369,208
654,156000,913.0,4.8,128,568
655,105400,1700.0,5.0,561,416
656,132000,6006.0,5.0,1201,498
657,95400,818.0,4.8,240,352
658,71200,9704.0,4.7,650,560
659,275000,762.0,4.6,171,1504
660,499000,275.0,4.8,47,278
661,92600,1240.0,5.0,545,236
662,224300,51.0,5.0,4,292
663,60000,1339.0,5.0,46,228
664,47500,703.0,5.0,218,196
665,198000,1249.0,5.0,325,832
666,20000,2189.0,5.0,546,188
668,59000,2181.0,5.0,409,292
669,78800,1223.0,5.0,153,96
670,94500,33.0,5.0,1,270
671,199000,6240.0,4.8,1299,184
672,70350,1792.0,4.8,417,200
673,88000,4933.0,4.8,484,480
674,40600,400.0,4.8,43,210
675,74300,450.0,5.0,37,252
676,38700,279.0,5.0,50,328
678,113000,977.0,5.0,98,408
679,364000,281.0,4.8,44,384
680,220000,841.0,5.0,107,216
681,115341,1770.0,4.8,157,435
683,98900,1051.0,5.0,144,280
684,183000,1404.0,5.0,313,796
685,141000,490.0,5.0,76,444
686,169000,2262.0,5.0,166,248
687,200000,13645.0,4.7,1789,235
688,62100,837.0,5.0,19,266
689,35000,1192.0,5.0,321,216
690,202400,142.0,4.7,36,72
691,164000,460.0,5.0,81,680
692,45000,745.0,4.8,134,136
694,76400,1261.0,5.0,179,236
695,64400,780.0,5.0,80,260
696,62100,944.0,4.8,25,260
697,84000,388.0,5.0,105,352
698,315000,327.0,5.0,27,776
699,149000,2718.0,4.7,300,688
700,127000,1400.0,4.8,232,232
701,101000,1162.0,4.8,455,364
703,179500,2078.0,5.0,336,264
704,126000,1852.0,5.0,173,176
705,143000,1333.0,5.0,317,328
706,94800,10579.0,4.7,627,288
707,59300,1736.0,5.0,166,10
708,117180,825.0,5.0,82,336
709,193000,524.0,5.0,65,440
710,134550,270.0,5.0,18,380
712,56500,4723.0,4.8,844,160
713,187850,2026.0,4.8,180,395
714,135000,1060.0,4.8,230,584
717,91000,105.0,4.8,12,468
718,88000,1.0,0.0,0,216
719,43680,717.0,5.0,71,16
722,105000,632.0,5.0,54,428
724,84300,2277.0,5.0,130,190
725,160000,2537.0,5.0,385,328
726,62100,862.0,4.8,130,278
727,73100,164.0,5.0,24,184
728,64000,142.0,4.7,18,208
729,61380,2830.0,4.8,310,172
730,218000,1239.0,5.0,172,352
731,111000,1434.0,4.8,117,334
732,95900,5547.0,4.8,224,356
733,100600,2716.0,5.0,192,128
734,40600,323.0,5.0,31,192
735,74900,103.0,5.0,25,284
736,59400,1300.0,5.0,231,232
737,330000,8822.0,4.6,940,376
738,357000,5139.0,4.8,997,316
739,69200,1319.0,5.0,163,208
740,57000,1534.0,4.8,225,212
741,80900,18264.0,4.6,626,264
742,114000,1002.0,4.8,204,488
744,22600,1761.0,4.8,613,184
745,142000,3217.0,4.8,1589,720
746,262000,5025.0,5.0,1256,500
748,349000,4192.0,5.0,795,320
749,131000,410.0,5.0,52,200
750,34900,1926.0,4.8,238,320
751,179000,1574.0,4.8,499,884
752,236000,519.0,5.0,67,312
753,225000,2428.0,4.8,398,220
754,69200,409.0,5.0,44,160
757,112000,948.0,5.0,98,336
758,49500,386.0,4.8,40,240
761,119000,265.0,4.8,43,376
762,196000,6451.0,4.8,810,496
763,97700,819.0,5.0,320,212
764,93700,760.0,4.7,40,380
765,146000,847.0,4.8,99,364
767,499000,1231.0,4.8,208,448
769,81400,17.0,5.0,2,160
770,73000,328.0,4.8,39,132
771,189000,813.0,4.7,203,600
772,132300,596.0,4.8,74,384
774,100000,2.0,0.0,0,256
775,106000,726.0,5.0,157,516
777,173200,115.0,5.0,34,340
778,48750,1211.0,5.0,109,214
779,117000,1092.0,5.0,203,568
781,117180,1029.0,4.8,118,404
782,70300,2230.0,4.7,211,312
783,61600,597.0,4.8,86,200
784,97600,1696.0,5.0,188,240
786,160000,153.0,5.0,27,468
789,105000,2198.0,4.8,511,140
790,291000,40.0,5.0,2,600
791,104000,3719.0,4.8,569,28
792,156000,901.0,4.8,107,508
793,68500,437.0,4.7,43,372
794,105000,2351.0,4.7,288,280
796,119000,1032.0,5.0,92,379
797,81270,386.0,4.8,71,390
798,106250,1295.0,5.0,111,328
799,64900,641.0,4.8,86,184
800,245650,28.0,5.0,9,484
801,94400,682.0,5.0,82,446
802,92000,790.0,5.0,77,256
803,76800,41.0,5.0,10,224
805,182000,859.0,4.7,132,24
806,170100,2351.0,4.8,632,204
807,115000,213.0,4.8,49,192
808,24000,1618.0,5.0,448,192
810,86900,3350.0,5.0,373,336
811,60000,749.0,4.8,101,216
812,61620,435.0,5.0,41,194
813,75500,700.0,5.0,77,212
814,47600,994.0,5.0,319,226
815,120400,30.0,5.0,8,176
816,143700,57.0,5.0,7,408
817,70500,1305.0,5.0,174,248
818,155000,1138.0,5.0,166,362
819,22800,227.0,5.0,21,92
821,111000,169.0,5.0,11,332
822,63300,1087.0,5.0,154,176
823,40000,227.0,5.0,27,48
824,112000,3061.0,5.0,678,224
825,98000,1.0,0.0,0,216
826,92600,282.0,5.0,81,184
827,155000,1040.0,5.0,126,400
830,66800,711.0,5.0,19,278
831,110000,1220.0,5.0,102,312
832,125000,1239.0,4.8,142,368
833,78700,1102.0,5.0,127,320
834,144000,4003.0,4.8,326,428
835,113000,544.0,5.0,52,400
836,81800,502.0,4.7,36,360
838,116000,402.0,4.5,52,304
839,23000,461.0,5.0,31,24
840,102000,241.0,5.0,62,250
842,98900,5411.0,4.7,1189,352
843,65300,2878.0,4.8,295,160
844,356000,2007.0,4.7,369,308
845,148180,1137.0,4.8,89,444
846,366000,1164.0,4.8,208,328
847,137750,29.0,5.0,3,594
848,69000,88.0,4.8,10,304
849,37500,1506.0,5.0,139,40
851,249000,2472.0,5.0,415,384
852,110700,61.0,4.8,9,316
854,62200,1127.0,4.8,102,208
856,286000,370.0,4.8,67,88
857,139000,1634.0,5.0,121,504
858,357000,175.0,5.0,26,378
859,39000,2425.0,5.0,289,80
860,75100,16835.0,5.0,4364,396
861,132000,162.0,4.8,10,336
862,60000,2218.0,4.8,216,184
863,52500,734.0,5.0,103,302
864,146000,685.0,5.0,74,500
865,251000,1193.0,5.0,225,548
866,173000,498.0,5.0,74,356
868,89700,195.0,5.0,30,212
869,30000,890.0,5.0,101,128
871,288000,532.0,4.8,106,724
872,132000,763.0,4.8,159,510
873,61200,2502.0,4.8,337,312
874,111000,776.0,4.7,64,376
875,299000,4983.0,4.7,631,378
876,37400,2486.0,5.0,244,40
877,116000,192.0,4.8,26,312
878,90200,250.0,4.7,21,312
879,112000,2722.0,4.8,504,300
880,78800,307.0,5.0,95,432
881,99400,588.0,5.0,83,368
882,72000,937.0,5.0,89,280
883,48400,4835.0,4.8,413,132
884,99300,997.0,4.8,147,304
885,155000,2683.0,5.0,441,325
887,93500,13916.0,4.8,1525,419
888,119300,301.0,5.0,80,296
889,195000,2373.0,4.8,308,196
890,308800,1944.0,5.0,351,312
891,56300,983.0,5.0,101,32
892,127200,39.0,4.8,8,250
893,38800,443.0,5.0,24,250
894,143000,604.0,5.0,72,544
895,120000,306.0,5.0,82,440
897,67900,20716.0,4.8,1665,208
898,173000,244.0,4.8,24,408
899,144000,624.0,5.0,86,560
900,120750,829.0,4.8,35,412
901,108000,24.0,1.0,2,360
902,38900,1476.0,5.0,157,192
903,38700,283.0,5.0,51,328
904,11500,580.0,5.0,34,28
905,52200,82.0,5.0,16,196
907,134000,1425.0,4.8,320,520
909,125000,695.0,5.0,217,600
910,44900,1438.0,5.0,221,212
911,131040,1379.0,4.8,193,16
912,40000,94.0,4.6,8,432
915,148000,1131.0,4.7,131,248
917,56950,1159.0,5.0,165,212
919,104000,1198.0,4.8,121,406
920,620000,2098.0,4.8,420,1183
921,87000,1.0,0.0,0,240
922,43400,2971.0,4.7,403,144
923,147000,468.0,5.0,163,512
924,127000,485.0,5.0,165,496
925,90300,3163.0,4.8,566,296
926,97600,228.0,4.8,21,316
927,180230,606.0,5.0,70,624
928,49400,174.0,5.0,21,216
929,75000,1779.0,5.0,172,340
930,24400,1631.0,5.0,193,175
931,55200,2577.0,4.8,371,204
932,221300,6741.0,4.8,775,572
933,108000,1216.0,5.0,131,330
934,40500,649.0,5.0,106,234
935,150000,278.0,5.0,30,524
937,113000,1410.0,5.0,172,544
938,129350,909.0,4.8,46,480
942,42100,308.0,4.7,19,32
943,69100,4612.0,4.6,2027,144
944,28600,237.0,5.0,38,192
945,131000,487.0,5.0,49,200
947,194000,3368.0,5.0,311,600
948,110100,2369.0,4.8,379,280
949,74800,27.0,5.0,4,280
950,80000,1119.0,4.8,175,222
951,54200,4.0,0.0,0,232
953,139000,5451.0,4.6,440,480
954,77500,2090.0,4.8,723,397
956,77400,5200.0,4.7,649,308
957,69700,1671.0,4.7,384,284
958,162000,2382.0,4.8,327,442
960,80000,470.0,5.0,56,272
961,28100,245.0,5.0,46,192
962,131000,3466.0,5.0,532,284
963,123000,5769.0,4.8,587,440
964,128000,1000.0,4.8,173,300
965,149000,5187.0,5.0,736,272
966,194000,742.0,5.0,92,600
970,184000,578.0,4.8,68,480
971,175000,972.0,4.8,190,602
973,93500,528.0,5.0,82,278
974,72100,2364.0,5.0,460,208
975,299000,3367.0,5.0,667,456
976,95400,360.0,5.0,84,484
977,93130,695.0,4.8,81,361
978,54100,2471.0,5.0,344,176
979,299000,501.0,4.6,71,208
980,48000,1026.0,4.8,95,152
981,52100,756.0,4.8,100,197
982,123000,215.0,5.0,24,256
983,51700,400.0,5.0,39,208
985,169000,477.0,5.0,69,500
987,69200,20871.0,4.7,2773,220
988,95200,279.0,5.0,32,326
989,299000,4721.0,4.7,702,324
990,86800,1209.0,5.0,119,280
991,198000,1.0,0.0,0,316
992,27100,185.0,5.0,27,192
995,149000,452.0,5.0,27,429
996,765000,8.0,0.0,0,1562
997,73800,1895.0,5.0,93,212
998,121500,422.0,5.0,27,16
999,119000,94.0,5.0,10,320
1001,141000,497.0,4.8,64,444
1002,197100,979.0,4.8,197,320
1004,377000,876.0,5.0,100,1128
1005,209000,533.0,5.0,127,768
1006,92600,1087.0,5.0,328,132
1008,64000,1195.0,4.8,211,224
1009,57800,269.0,4.8,34,188
1010,93500,2084.0,4.7,211,320
1011,71000,514.0,4.5,55,328
1012,123540,7311.0,4.7,542,20
1013,37900,328.0,5.0,42,240
1014,73100,573.0,5.0,87,224
1015,68000,14.0,5.0,2,118
1016,64900,196.0,5.0,21,176
1017,108160,492.0,5.0,98,440
1018,92600,959.0,5.0,280,132
1019,83300,222.0,5.0,23,240
1021,115227,2392.0,4.8,338,544
1022,81800,446.0,5.0,50,368
1023,113000,603.0,4.8,69,388
1024,279000,984.0,5.0,171,432
1025,117000,37.0,0.0,0,24
1026,499000,3848.0,5.0,804,556
1027,22500,367.0,5.0,73,192
1028,33600,2121.0,4.8,339,207
1029,99200,4163.0,5.0,280,520
1030,60000,398.0,4.8,63,196
1032,161000,333.0,4.6,110,608
1033,325000,106.0,5.0,13,432
1034,86300,985.0,5.0,118,286
1035,149000,1362.0,4.7,295,204
1036,114000,1239.0,4.8,232,564
1037,193630,1061.0,5.0,163,728
1038,369000,4898.0,4.8,589,378
1040,118300,543.0,4.8,48,328
1041,101000,626.0,4.7,78,250
1042,153000,1750.0,4.8,246,512
1043,141999,306.0,5.0,25,80
1044,65550,805.0,5.0,61,268
1046,102000,203.0,5.0,46,216
1047,67500,1223.0,5.0,293,336
1048,125000,490.0,4.6,40,404
1049,67100,113.0,3.6,5,368
1051,56200,1047.0,4.8,74,256
1052,124000,6512.0,4.8,524,208
1053,41200,3270.0,4.8,341,130
1054,88500,307.0,5.0,23,248
1055,283000,567.0,5.0,156,1020
1056,64400,349.0,5.0,34,228
1057,77100,7827.0,4.7,2017,368
1058,101000,1177.0,5.0,172,132
1059,85300,867.0,5.0,100,344
1060,164000,401.0,4.8,57,96
1061,73000,801.0,4.8,143,240
1062,138600,96.0,5.0,10,260
1063,52200,239.0,4.8,66,194
1064,38400,607.0,5.0,171,178
1065,80100,130.0,5.0,17,160
1066,118125,1542.0,4.8,94,434
1067,169000,100.0,4.7,6,476
1068,39500,664.0,5.0,98,28
1069,114000,920.0,4.8,128,360
1070,368000,2561.0,4.7,411,487
1071,131200,197.0,5.0,45,408
1072,85500,5.0,0.0,0,328
1073,76900,24185.0,4.6,1319,210
1074,126000,740.0,5.0,60,228
1075,39530,834.0,4.8,120,155
1076,110000,2.0,0.0,0,396
1077,134000,837.0,5.0,49,420
1078,23000,515.0,5.0,34,24
1079,132300,816.0,4.8,75,450
1080,95400,456.0,5.0,89,676
1081,127200,386.0,5.0,140,430
1082,47300,1019.0,4.8,363,196
1083,104000,1036.0,5.0,102,289
1085,49000,830.0,4.8,85,280
1088,261000,871.0,4.8,193,1026
1089,195000,582.0,5.0,77,142
1090,88800,938.0,4.8,111,200
1091,59100,1947.0,5.0,274,400
1092,72500,171.0,4.8,30,464
1093,127200,87.0,5.0,11,352
1094,364000,1531.0,4.6,336,362
1095,128500,2149.0,4.7,424,585
1096,66600,200.0,5.0,32,300
1098,59300,128.0,4.8,19,264
1100,26700,390.0,5.0,57,98
1101,95200,64.0,5.0,5,258
1102,102000,412.0,5.0,27,268
1104,152100,2388.0,4.8,524,208
1106,149000,931.0,5.0,106,480
1108,44000,319.0,5.0,30,240
1109,85500,180.0,5.0,67,332
1110,83900,790.0,5.0,115,420
1111,76500,2500.0,5.0,225,528
1113,63100,797.0,4.8,73,200
1115,101760,1278.0,4.8,188,300
1116,180000,368.0,5.0,31,120
1118,189000,125.0,4.5,13,247
1119,119200,49.0,5.0,5,380
1120,308000,1366.0,5.0,296,1100
1121,80600,182.0,4.8,17,247
1123,71100,196.0,5.0,15,176
1124,40000,846.0,5.0,130,144
1125,55000,366.0,4.8,43,308
1126,193000,1401.0,5.0,229,736
1127,129000,608.0,5.0,108,284
1129,215000,86.0,5.0,32,450
1130,125000,2555.0,4.8,498,300
1133,122000,414.0,5.0,63,200
1134,36000,237.0,5.0,27,120
1135,69000,2361.0,4.6,279,320
1137,146640,30.0,5.0,2,344
1138,129000,822.0,4.8,81,232
1140,104000,237.0,4.8,57,452
1141,106000,1565.0,4.7,178,330
1142,86300,927.0,4.7,123,300
1143,58800,151.0,4.5,15,88
1144,40600,327.0,5.0,32,216
1145,68000,260.0,4.8,19,328
1147,103000,1854.0,5.0,157,306
1148,150000,140.0,4.8,11,488
1150,103000,2179.0,5.0,993,468
1152,185000,1230.0,5.0,139,237
1153,112000,969.0,5.0,185,384
1154,22000,1504.0,4.8,307,192
1155,66000,2198.0,5.0,272,507
1156,223000,522.0,5.0,92,280
1157,66500,3746.0,4.8,405,372
1158,119000,1524.0,5.0,241,448
1159,41300,415.0,4.8,60,174
1160,116000,123.0,5.0,37,336
1161,73400,633.0,5.0,55,268
1162,109000,333.0,5.0,41,268
1164,75500,227.0,5.0,47,408
1165,52400,253.0,5.0,48,213
1166,81900,31954.0,4.8,1042,264
1167,84000,2341.0,4.8,200,88
1169,34600,826.0,4.8,255,176
1170,99600,590.0,5.0,102,308
1171,33200,20.0,5.0,1,56
1172,132000,893.0,5.0,124,336
1173,718000,521.0,5.0,100,430
1174,150000,1.0,0.0,0,488
1175,155000,577.0,5.0,83,248
1176,562500,1190.0,4.8,223,2098
1177,90000,681.0,4.8,118,252
1178,90000,1.0,0.0,0,151
1179,129000,1626.0,5.0,201,436
1180,17500,726.0,4.8,174,192
1181,119000,867.0,5.0,72,280
1182,77100,606.0,5.0,27,256
1183,48000,567.0,5.0,36,136
1186,129000,3835.0,4.6,850,836
1187,158400,11.0,5.0,1,216
1188,201000,2178.0,4.8,169,241
1189,67000,3588.0,4.8,203,316
1190,53000,836.0,5.0,73,144
1191,59000,4726.0,5.0,400,258
1194,151800,395.0,5.0,17,326
1195,56300,117.0,4.7,3,64
1196,202000,2599.0,4.8,1013,832
1197,190000,616.0,4.8,133,700
1198,63000,590.0,5.0,168,576
1199,77600,663.0,4.6,188,384
1200,109650,1.0,0.0,0,336
1201,141000,148.0,5.0,26,568
1202,165000,920.0,4.6,83,144
1204,227000,489.0,4.7,53,143
1205,63300,817.0,5.0,122,192
1206,61000,88.0,5.0,14,192
1207,71300,745.0,5.0,122,324
1208,140000,483.0,5.0,71,312
1209,120000,527.0,4.8,37,444
1212,176000,128.0,4.8,5,348
1214,99272,1492.0,4.8,348,16
1218,348000,504.0,5.0,88,290
1220,153000,319.0,5.0,33,364
1222,20900,431.0,5.0,39,192
1223,160000,296.0,4.7,22,436
1224,136500,668.0,5.0,104,264
1225,92600,9020.0,4.8,809,316
1226,49500,1750.0,5.0,209,236
1227,162000,295.0,4.7,45,528
1228,56940,1363.0,4.7,194,224
1229,110000,318.0,5.0,34,496
1231,128000,1820.0,5.0,245,328
1232,77900,3528.0,5.0,632,300
1233,48700,206.0,5.0,15,Cuá»‘n
1234,109000,562.0,5.0,37,320
1235,105000,3560.0,4.8,345,648
1236,149000,308.0,4.8,56,500
1238,45500,241.0,4.8,37,184
1240,23000,420.0,5.0,42,24
1241,72400,176.0,5.0,28,200
1243,259500,2625.0,4.8,483,198
1245,104000,546.0,5.0,87,320
1246,156000,151.0,5.0,35,616
1247,87000,6.0,0.0,0,200
1248,248000,376.0,4.8,58,234
1250,268000,6182.0,4.8,837,252
1251,95100,538.0,4.8,63,288
1252,83400,370.0,4.8,59,296
1253,22600,132.0,5.0,42,192
1254,219000,1.0,0.0,0,384
1255,249000,394.0,4.7,26,224
1256,62000,8352.0,5.0,612,352
1258,52100,836.0,5.0,163,235
1259,66700,1248.0,5.0,188,193
1260,178700,1912.0,4.7,44,277
1261,247000,795.0,4.8,110,280
1263,224250,490.0,4.8,83,560
1264,98100,936.0,5.0,137,460
1266,110000,90.0,4.5,10,504
1268,85300,3.0,5.0,1,88
1269,37100,745.0,4.8,81,200
1270,71300,792.0,5.0,58,184
1271,78100,3253.0,5.0,322,181
1272,69000,452.0,5.0,28,272
1274,136000,141.0,5.0,16,328
1275,70900,194.0,5.0,11,176
1278,92600,277.0,5.0,59,174
1280,111000,1213.0,5.0,464,536
1284,250000,289.0,5.0,29,376
1285,187000,450.0,5.0,46,256
1286,160130,468.0,5.0,49,504
1287,86800,1736.0,5.0,382,296
1288,206000,10115.0,4.7,778,720
1289,223000,1344.0,4.5,115,324
1290,150000,6070.0,4.7,853,381
1292,96900,450.0,5.0,69,324
1293,34600,878.0,4.8,289,178
1294,380800,1316.0,5.0,234,376
1295,68400,2544.0,4.8,394,220
1296,137000,1096.0,4.5,59,137
1297,92000,1280.0,4.7,113,344
1298,135000,114.0,5.0,29,528
1299,118000,3737.0,4.8,270,464
1300,57850,1807.0,5.0,165,212
1301,39000,422.0,5.0,38,138
1302,79500,427.0,5.0,55,408
1303,43500,2376.0,5.0,195,160
1304,20000,81.0,4.7,7,260
1306,50900,838.0,5.0,75,200
1307,130500,46.0,5.0,19,80
1308,121000,2177.0,5.0,282,163
1309,135000,184.0,5.0,20,408
1310,75000,1509.0,4.8,288,144
1311,55000,18.0,0.0,0,112
1313,98100,1912.0,4.8,241,110
1316,127200,18.0,5.0,3,408
1317,38700,321.0,5.0,48,240
1318,61200,270.0,4.8,24,100
1319,66000,1672.0,4.6,54,192
1320,10600,33.0,5.0,1,16
1321,43600,77.0,5.0,3,64
1322,117000,378.0,4.8,28,352
1323,66800,313.0,4.7,27,220
1324,22000,1039.0,4.8,17,208
1325,120000,309.0,4.6,57,376
1326,45500,281.0,4.7,34,292
1327,121000,830.0,5.0,252,424
1328,139360,934.0,4.7,210,508
1329,101000,2918.0,4.8,419,316
1330,56300,2573.0,5.0,239,312
1331,49000,1471.0,4.8,177,439
1332,107520,1750.0,4.8,274,192
1333,169000,1523.0,4.8,307,448
1334,156000,2202.0,4.6,215,390
1335,22600,131.0,5.0,40,192
1336,325000,1318.0,4.8,209,358
1337,133000,2382.0,5.0,304,320
1338,96900,783.0,4.8,113,332
1339,100000,202.0,5.0,13,200
1340,152000,6.0,0.0,0,220
1341,138000,173.0,4.8,18,392
1342,86200,1343.0,5.0,168,162
1343,107000,101.0,4.7,11,500
1344,131200,57.0,5.0,11,480
1345,44200,1.0,0.0,0,200
1350,101000,67.0,5.0,4,351
1351,132000,2.0,0.0,0,432
1353,169150,119.0,5.0,22,448
1354,102000,46.0,5.0,4,352
1355,89300,427.0,5.0,141,236
1357,71280,2232.0,4.8,426,272
1358,216000,1986.0,4.8,335,208
1360,114000,2591.0,5.0,622,444
1361,39500,304.0,4.8,34,229
1362,119000,974.0,4.8,349,512
1364,34400,898.0,5.0,105,220
1367,180000,417.0,4.8,66,632
1368,116000,710.0,4.7,95,296
1369,19000,2017.0,5.0,268,76
1370,45000,215.0,5.0,21,136
1371,112000,471.0,5.0,156,456
1372,74200,1986.0,5.0,256,344
1373,90000,88.0,4.8,9,232
1374,99000,1.0,0.0,0,436
1376,99800,581.0,4.7,60,348
1377,62100,801.0,4.7,122,252
1378,12500,209.0,5.0,27,10
1379,144400,1722.0,4.8,371,756
1381,71900,143.0,4.7,11,166
1383,81500,3986.0,4.8,426,488
1385,70300,1444.0,4.8,196,228
1386,116000,286.0,4.8,46,250
1387,53900,1138.0,5.0,186,235
1390,63000,21.0,0.0,0,178
1392,104000,1194.0,5.0,197,464
1393,67750,476.0,4.3,33,232
1394,54000,318.0,4.6,54,800
1398,65600,357.0,4.8,37,120
1399,109000,419.0,4.8,84,296
1401,474000,343.0,4.8,70,700
1405,98000,153.0,5.0,29,636
1406,252000,787.0,4.7,105,384
1407,72000,76.0,4.0,4,364
1408,96800,1334.0,5.0,258,280
1410,270000,262.0,5.0,60,696
1411,64500,647.0,5.0,100,232
1412,112000,589.0,4.8,121,80
1414,87100,432.0,5.0,80,320
1415,209000,608.0,4.8,77,274
1416,81000,82.0,5.0,10,332
1417,86800,1168.0,5.0,62,260
1419,105000,805.0,4.7,84,380
1420,87100,3781.0,4.8,488,328
1421,147000,1090.0,4.8,174,348
1422,167440,1632.0,4.6,297,24
1424,107000,1717.0,4.8,324,300
1425,78000,957.0,5.0,108,330
1426,250000,305.0,4.7,44,206
1427,68500,768.0,4.8,103,286
1428,37400,1294.0,5.0,133,40
1429,62400,1099.0,4.8,177,26
1430,107000,3201.0,4.7,1306,492
1431,128000,538.0,5.0,67,392
1432,123700,167.0,5.0,83,460
1433,37100,434.0,4.6,42,292
1434,61800,6724.0,4.8,1430,232
1435,97600,97.0,5.0,33,352
1436,24300,673.0,5.0,177,192
1437,150000,763.0,5.0,92,128
1438,94800,5137.0,5.0,284,332
1440,51350,389.0,4.6,22,184
1441,69100,642.0,5.0,76,254
1443,148750,343.0,5.0,22,412
1444,121000,271.0,5.0,26,512
1446,26250,295.0,5.0,38,206
1447,104000,125.0,4.7,15,392
1448,35750,423.0,4.8,65,158
1449,65400,170.0,5.0,28,368
1450,11500,419.0,5.0,41,24
1451,18000,354.0,5.0,30,32
1452,200700,318.0,5.0,52,538
1453,52000,242.0,5.0,46,400
1454,201000,937.0,4.8,189,612
1455,189000,74.0,5.0,16,448
1456,106000,461.0,5.0,70,188
1457,95940,24.0,5.0,4,84
1458,111300,522.0,4.7,40,324
1459,103000,378.0,4.7,79,380
1460,62500,353.0,4.6,68,388
1461,83800,4642.0,4.8,915,264
1462,225000,661.0,4.7,59,268
1464,85600,403.0,4.7,74,125
1466,155000,846.0,5.0,114,572
1467,49500,340.0,5.0,27,324
1468,495000,577.0,4.8,91,1360
1469,204000,1840.0,4.7,328,810
1470,83900,883.0,5.0,82,380
1471,62400,1024.0,4.8,163,16
1472,42300,790.0,5.0,125,192
1473,122000,341.0,5.0,54,166
1474,60000,67.0,5.0,5,60
1475,76300,587.0,4.8,86,340
1476,42700,307.0,5.0,32,200
1477,35900,107.0,5.0,5,30
1478,32300,111.0,5.0,5,30
1480,47900,580.0,4.8,78,240
1481,174000,488.0,4.7,66,576
1482,111300,241.0,4.8,13,296
1483,109000,124.0,5.0,9,296
1485,74200,91.0,4.5,2,216
1487,66100,117.0,5.0,15,178
1489,320000,10235.0,4.7,595,828
1490,349000,6651.0,4.7,728,496
1491,44800,670.0,4.8,110,88
1492,46920,2004.0,5.0,165,213
1493,19900,314.0,5.0,72,180
1495,147000,290.0,5.0,56,496
1497,140000,1089.0,4.8,245,420
1498,199000,703.0,4.8,73,254
1499,63000,499.0,4.8,53,240
1500,143200,106.0,5.0,20,424
1501,97600,668.0,4.8,29,240
1502,95900,864.0,5.0,120,368
1503,108000,617.0,5.0,167,92
1504,328000,4633.0,4.8,309,396
1505,28500,288.0,5.0,34,156
1506,100050,329.0,4.8,54,368
1507,111000,5781.0,4.7,559,292
1508,93700,5347.0,5.0,954,344
1509,38300,3140.0,5.0,255,38
1510,88800,1721.0,4.8,211,276
1511,218000,1665.0,4.6,142,252
1512,92600,317.0,5.0,92,212
1513,164000,539.0,4.8,31,432
1514,69200,287.0,5.0,37,68
1515,399000,819.0,5.0,86,450
1517,125000,53.0,4.8,6,447
1518,180960,198.0,5.0,26,507
1520,19200,265.0,5.0,27,30
1521,136000,636.0,5.0,150,578
1522,111000,58.0,4.7,15,604
1528,186000,1468.0,4.8,267,616
1529,86300,8582.0,4.8,928,298
1530,140000,186.0,5.0,33,560
1531,42300,3504.0,4.8,381,192
1532,62200,402.0,5.0,24,204
1533,63400,1040.0,4.8,101,232
1534,114000,1033.0,5.0,427,488
1535,125300,399.0,5.0,40,340
1536,248000,495.0,4.7,57,256
1537,117500,506.0,4.8,34,328
1538,163000,579.0,4.8,145,160
1539,53500,263.0,4.8,51,308
1540,132800,378.0,5.0,74,680
1541,17500,608.0,5.0,110,168
1542,121000,91.0,4.7,10,128
1543,117600,102.0,4.8,5,32
1544,99100,151.0,5.0,39,168
1545,43900,2286.0,5.0,194,160
1546,69000,420.0,4.7,57,200
1547,33300,82.0,5.0,14,52
1548,104500,210.0,4.8,27,103
1549,245000,686.0,4.8,72,250
1550,98500,3412.0,4.7,327,560
1551,111000,430.0,4.7,46,308
1553,329000,5.0,0.0,0,688
1554,209000,25.0,5.0,1,664
1555,90600,1390.0,5.0,316,352
1556,95000,8.0,5.0,3,400
1557,83200,1487.0,4.7,261,20
1558,37500,3018.0,4.8,207,128
1559,80400,945.0,4.7,133,606
1560,60000,478.0,4.8,62,295
1561,112000,770.0,5.0,61,406
1562,132000,522.0,5.0,33,352
1563,134000,821.0,5.0,77,400
1564,37100,898.0,5.0,86,220
1565,70200,286.0,4.8,43,216
1566,215000,341.0,4.8,50,426
1568,33900,197.0,4.8,44,194
1569,42300,2158.0,4.8,267,192
1570,116000,556.0,5.0,119,364
1571,50900,647.0,5.0,63,200
1572,175000,256.0,4.7,52,564
1573,99300,521.0,4.8,76,280
1574,58600,1503.0,4.6,38,251
1576,86300,392.0,5.0,53,272
1579,80400,172.0,4.8,23,248
1580,141000,1356.0,4.7,156,144
1581,98000,1.0,0.0,0,346
1582,47400,237.0,4.8,18,172
1584,96500,1414.0,5.0,272,232
1585,28000,186.0,5.0,15,32
1589,11500,365.0,5.0,40,28
1590,99650,289.0,5.0,11,178
1591,63200,123.0,5.0,21,308
1592,66800,101.0,5.0,10,64
1595,88960,134.0,4.8,5,228
1597,30000,37.0,0.0,0,1
1599,34900,795.0,5.0,191,263
1600,95400,213.0,5.0,26,676
1602,55250,2236.0,4.7,139,216
1605,396000,430.0,5.0,79,416
1606,209000,260.0,4.6,57,708
1608,96600,8.0,5.0,1,352
1609,84400,627.0,5.0,56,272
1610,234000,676.0,5.0,178,190
1611,6300,706.0,4.8,79,1
1612,125000,398.0,4.6,30,351
1614,320000,644.0,4.8,137,569
1615,138000,294.0,4.8,30,368
1616,59400,2313.0,4.8,145,278
1618,88600,263.0,5.0,18,216
1619,132000,171.0,4.5,19,420
1620,100000,7098.0,5.0,850,378
1622,67900,431.0,5.0,36,178
1624,45300,252.0,5.0,44,219
1626,104000,1165.0,4.8,137,432
1627,103000,281.0,5.0,24,448
1628,74300,1438.0,4.8,211,230
1629,122000,187.0,4.8,22,410
1630,81100,594.0,4.8,58,176
1631,112000,7520.0,4.8,726,200
1632,212500,622.0,5.0,48,536
1633,52500,184.0,4.7,38,504
1634,226000,193.0,5.0,40,248
1635,37400,1423.0,5.0,134,40
1636,96300,418.0,4.5,64,520
1638,79300,449.0,5.0,54,80
1639,216000,174.0,5.0,23,588
1646,228000,671.0,5.0,137,284
1647,71000,251.0,4.8,48,384
1648,164000,515.0,5.0,155,584
1649,149000,693.0,4.8,123,540
1651,45000,445.0,4.8,58,183
1652,124000,958.0,4.6,71,520
1653,102000,391.0,4.8,57,308
1654,84900,1548.0,4.8,113,280
1655,119000,410.0,5.0,98,360
1656,115000,894.0,4.8,174,115
1657,36400,385.0,4.7,29,80
1658,156000,21.0,5.0,3,284
1660,86300,422.0,5.0,62,72
1661,105000,129.0,5.0,8,364
1662,97600,1237.0,5.0,116,432
1663,38500,176.0,4.8,47,176
1664,198000,2976.0,5.0,456,372
1665,101249,489.0,5.0,85,200
1666,200000,421.0,4.8,47,432
1667,45100,1891.0,4.8,369,196
1669,80900,128.0,5.0,10,272
1670,217000,1859.0,5.0,143,263
1671,103040,27.0,5.0,5,212
1673,219000,8.0,0.0,0,208
1674,104000,41.0,5.0,1,196
1675,139920,59.0,4.5,7,468
1677,119000,175.0,5.0,18,32
1678,101000,427.0,4.8,78,404
1679,81200,391.0,4.8,12,179
1680,630000,621.0,5.0,112,1095
1681,124700,2113.0,5.0,318,174
1682,111300,123.0,5.0,9,296
1684,59300,2975.0,5.0,368,64
1685,101000,496.0,5.0,53,280
1686,48900,763.0,5.0,105,376
1687,69400,2245.0,5.0,714,328
1688,127000,430.0,4.8,143,488
1689,77100,1363.0,5.0,144,330
1691,265000,724.0,5.0,117,188
1693,231000,254.0,5.0,59,1000
1695,118000,1041.0,4.7,180,484
1697,73500,6180.0,0.0,0,296
1699,369000,95.0,4.8,13,260
1700,71000,33.0,5.0,1,200
1701,196700,263.0,4.8,18,516
1702,154000,127.0,5.0,35,476
1704,83800,366.0,4.8,61,288
1706,128000,703.0,5.0,75,184
1707,112500,506.0,5.0,58,403
1708,31900,864.0,4.8,89,200
1709,46800,3055.0,5.0,257,160
1710,135000,1154.0,4.8,212,350
1711,95300,644.0,4.8,61,296
1712,91400,710.0,5.0,44,280
1713,89000,62.0,4.7,7,448
1714,55000,214.0,5.0,18,96
1715,70300,571.0,4.8,98,336
1716,106000,4047.0,5.0,206,416
1718,235000,840.0,4.8,102,320
1719,125000,83.0,4.7,14,348
1721,58800,5921.0,4.7,222,142
1722,17400,217.0,5.0,23,24
1723,114000,1260.0,4.8,101,48
1724,281500,22.0,5.0,1,160
1725,66700,923.0,5.0,135,416
1726,11500,501.0,5.0,36,24
1727,11500,281.0,5.0,29,24
1729,262300,229.0,4.7,20,240
1730,68800,144.0,5.0,16,188
1734,83900,592.0,4.8,97,177
1735,27900,115.0,5.0,7,40
1737,65000,73.0,5.0,4,349
1738,21000,27.0,0.0,0,28
1739,95200,54.0,4.8,5,268
1740,21000,11.0,0.0,0,28
1741,48000,33.0,5.0,1,156
1744,74500,73.0,5.0,3,296
1748,256000,2309.0,4.8,302,708
1749,103000,3364.0,4.7,610,368
1750,37440,2124.0,4.8,427,184
1752,50500,370.0,4.8,45,40
1754,55000,795.0,4.8,113,208
1756,127000,430.0,5.0,143,472
1757,147400,2241.0,4.8,264,567
1758,138000,969.0,4.8,222,392
1760,67100,339.0,5.0,39,316
1761,116000,603.0,5.0,54,368
1762,33000,845.0,5.0,82,142
1763,162000,515.0,4.8,98,460
1765,194000,252.0,5.0,43,600
1766,78800,627.0,5.0,78,96
1767,111000,5.0,0.0,0,432
1768,110000,525.0,5.0,64,128
1769,106260,719.0,5.0,84,408
1771,137000,296.0,4.8,60,600
1772,125300,597.0,4.8,73,344
1773,117000,362.0,5.0,30,390
1774,38500,1773.0,4.8,239,134
1776,89900,824.0,4.7,95,320
1777,169000,2768.0,5.0,581,176
1778,108000,865.0,5.0,69,212
1781,106950,547.0,5.0,47,340
1782,196000,22604.0,4.8,33,604
1783,55200,62.0,5.0,10,212
1784,199000,488.0,5.0,101,510
1785,80100,60.0,4.8,5,152
1786,115000,242.0,4.7,34,344
1787,154000,969.0,4.8,119,504
1788,78400,96.0,4.7,19,256
1789,76900,15651.0,4.8,1908,352
1790,38000,1037.0,5.0,107,136
